"Transaction Hash","Status","Type","Action ","Block","Age","From","From_NameTag","To","To_NameTag","Amount","Value (USD)","Asset","Txn Fee"
"0xd426ee539f4bfc7ddda642a3db143f6054db97168c2e473a54720a2e363f4262","Success","Tx","Exec Transaction","389241837","80 days ago","0x620d7E459cfFcdC56a874536dC19147De801a4A1"," ","0xb4c064f466931B8d0F637654c916E3F203c46f13"," ","0","$0.00","ETH","0.00000521"
"0x575d76451ec2a5746ecad6441541e1199094d8c4624d7866186671fd7a6d2a56","Success","Tx","Exec Transaction","360133039","164 days ago","0x8De14E014402C0677B075A69122F94C0425Cc179"," ","0xb4c064f466931B8d0F637654c916E3F203c46f13"," ","0","$0.00","ETH","0.00005294"
"0xa1d6f99641585919de3f7bf97518d4553b7ddabc1759dfa4cdd99f64d5f91eac","Success","Tx","Sponsored Call V2","343336054","213 days ago","0x417B4Adc279743FC49F047C323FC668db9E600D8"," ","0xcea8aaa918bc6c19e5b77841ebd77ff3188385af"," Gelato: GelatoRelay1BalanceV2","0","$0.00","ETH","0.00001324"
"0x5e97c629555de0553b541c4b35be2950c77190362259b59f63b0c21ca11c412b","Success","Tx","Sponsored Call V2","333634497","241 days ago","0x417B4Adc279743FC49F047C323FC668db9E600D8"," ","0xcea8aaa918bc6c19e5b77841ebd77ff3188385af"," Gelato: GelatoRelay1BalanceV2","0","$0.00","ETH","0.00000846"
"0xaa551de1f43dc5d2e0bd03a43859fa47142e1982ec2d5945a531b3e35501281c","Success","Tx","Exec Transaction","316673411","291 days ago","0x9fcb4C0fC7FCaF2262E199A758219eb2224DA1C7"," ","0xb4c064f466931B8d0F637654c916E3F203c46f13"," ","0","$0.00","ETH","0.00006159"
"0xcd188ac8e1a0553aec23d13f273b48881054cdb75def415096784247ebeedf76","Success","Tx","Propose","314367693","297 days ago","0xb5b069370ef24bc67f114e185d185063ce3479f8"," ","0x789fc99093b09ad01c34dc7251d0c89ce743e5a4"," Arbitrum Foundation: Treasury Governor","0","$0.00","ETH","0.00000953"
"0xc3b2f2a48b438cdb5e4362392cd79c4969351a773aee68e0bd47e6f80c740428","Success","Tx","Exec Transaction","307033190","319 days ago","0x9fcb4C0fC7FCaF2262E199A758219eb2224DA1C7"," ","0xb4c064f466931B8d0F637654c916E3F203c46f13"," ","0","$0.00","ETH","0.00023116"
"0x691a0f824a2da11712041db19b21d73b14fbffbb9b22f406d896b548cf3b6dac","Success","Tx","Propose","302249294","333 days ago","0xd333bc5c9670c9ceb18f9a2cf02c6e86807a8227"," ","0x789fc99093b09ad01c34dc7251d0c89ce743e5a4"," Arbitrum Foundation: Treasury Governor","0","$0.00","ETH","0.00085574"
"0x28db1ed07b5de6b7cac8edb5b447673826d92cc9d0cfabcc9d8e247725b9fdec","Success","Tx","Propose","299974713","339 days ago","0x1b686ee8e31c5959d9f5bbd8122a58682788eead"," ","0x789fc99093b09ad01c34dc7251d0c89ce743e5a4"," Arbitrum Foundation: Treasury Governor","0","$0.00","ETH","0.00003702"
"0x513d5c2ebefebe24cb537eb64bf1c96ffe2fedc752ce3811408cbaaad5d98a94","Success","Tx","Exec Transaction","299884127","340 days ago","0x9fcb4C0fC7FCaF2262E199A758219eb2224DA1C7"," ","0xb4c064f466931B8d0F637654c916E3F203c46f13"," ","0","$0.00","ETH","0.00046033"
"0xc2fdeff9c094cb101aa65fe7ff8faedc1e8282d34cb7b3324a06ba8fecd98183","Success","Tx","Exec Transaction","280800777","395 days ago","0x048B7c6D53C3841909e1B44DF23CB390C4CdDfc5"," ","0xb4c064f466931B8d0F637654c916E3F203c46f13"," ","0","$0.00","ETH","0.0001005"
"0x14f813a4da1a2676fa509283a7403d44ebabe67bee00a31fcb702bd146ee9690","Success","Tx","Propose","280648424","396 days ago","0xd333bc5c9670c9ceb18f9a2cf02c6e86807a8227"," ","0x789fc99093b09ad01c34dc7251d0c89ce743e5a4"," Arbitrum Foundation: Treasury Governor","0","$0.00","ETH","0.00010779"
"0x55e7f9535c69aa2be4736b376a3466155a7e6f3d6d2dd9f401ff01e781644d22","Success","Tx","Propose","268676633","430 days ago","0xb5b069370ef24bc67f114e185d185063ce3479f8"," ","0x789fc99093b09ad01c34dc7251d0c89ce743e5a4"," Arbitrum Foundation: Treasury Governor","0","$0.00","ETH","0.00021557"
"0xb86d379f7d89b8c9fffe229dc6a3e8225367c8d077d75bcaeda6de51c8af7175","Success","Tx","Exec Transaction","268663515","430 days ago","0x048B7c6D53C3841909e1B44DF23CB390C4CdDfc5"," ","0xb4c064f466931B8d0F637654c916E3F203c46f13"," ","0","$0.00","ETH","0.00004965"
"0xc6644f0bea97488426d186946c1d2886888b6e7b821e2cb090f544c3ee5a4b45","Success","Tx","Exec Transaction","261398589","452 days ago","0x048B7c6D53C3841909e1B44DF23CB390C4CdDfc5"," ","0xb4c064f466931B8d0F637654c916E3F203c46f13"," ","0","$0.00","ETH","0.0001214"
"0x520ebe21395f18a89be9866271aa4f2a03e827b7192e3bc7b926d9190a2cc206","Success","Tx","Propose","261389552","452 days ago","0xababe91a907fadff921720c43abe4098e7245e99"," ","0x789fc99093b09ad01c34dc7251d0c89ce743e5a4"," Arbitrum Foundation: Treasury Governor","0","$0.00","ETH","0.00026739"
"0x67e1b8133fd6dc0391f964101de069fd9150410667f549dbbb7878c222f4215a","Success","Tx","Propose","259338276","458 days ago","0xb5b069370ef24bc67f114e185d185063ce3479f8"," ","0x789fc99093b09ad01c34dc7251d0c89ce743e5a4"," Arbitrum Foundation: Treasury Governor","0","$0.00","ETH","0.00035867"
"0xbfdf16d27328669729128dbde42160ca43119ccdfe6c67078e8c8865551abecf","Success","Tx","Propose","258981632","459 days ago","0xa5df0cf3f95c6cd97d998b9d990a86864095d9b0"," ","0x789fc99093b09ad01c34dc7251d0c89ce743e5a4"," Arbitrum Foundation: Treasury Governor","0","$0.00","ETH","0.0000515"
"0x1e008123bc6c9d52817258da3f571194abcb944eb1aae8cd06ee5ed32aa68489","Success","Tx","Propose","256724398","465 days ago","0xa5df0cf3f95c6cd97d998b9d990a86864095d9b0"," ","0x789fc99093b09ad01c34dc7251d0c89ce743e5a4"," Arbitrum Foundation: Treasury Governor","0","$0.00","ETH","0.00001773"
"0xdaf2c7097417ebc1f426fc2842ee2fc179a2c54bf331e760c42b5b38b275abe0","Success","Tx","Propose","256557414","466 days ago","0xb5b069370ef24bc67f114e185d185063ce3479f8"," ","0x789fc99093b09ad01c34dc7251d0c89ce743e5a4"," Arbitrum Foundation: Treasury Governor","0","$0.00","ETH","0.00022023"
"0xec98f7c5a1c9bc2a5b70b1f3185599fa5d883eb30b08f9e3732cc9ae76f9c5f6","Success","Tx","Exec Transaction","254333935","472 days ago","0x82429089e7c86B7047b793A9E7E7311C93d2b7a6"," ","0xF92F185AbD9E00F56cb11B0b709029633d1E37B4"," ","0","$0.00","ETH","0.0000105"
